Jugador,Fecha,Kills,Deaths,Asistencias,ACS,Mapa,Arma,Secci�n
Panilis,2025-06-30,40,23,0,11231,Bind,Operator,Operator
Panilis,2025-06-30,40,20,5,12420,Icebox,Vandal,BYS
Panilis,2025-06-30,25,23,4,7766,Corrode,Vandal,MYP
Panilis,2025-06-30,31,14,3,9435,Haven,Vandal,MYP
Panilis,2025-06-30,24,25,8,7768,Sunset,Sheriff,Primera bala
Panilis,2025-06-30,18,21,7,5895,Icebox,Sheriff,Primera bala
Panilis,2025-06-30,24,31,10,7682,Bind,Sheriff,Primera bala
Panilis,2025-06-30,37,22,3,10954,Ascent,Vandal,CH Placement
Panilis,2025-06-30,30,18,3,9201,Haven,Vandal,CH Placement
Panilis,2025-06-30,38,22,6,12066,Lotus,Vandal,CH Placement
Sofia,2025-07-01,31,20,0,8904,Ascent,Operator,Operator
Sofia,2025-07-01,32,31,4,9821,Haven,Vandal,BYS
Sofia,2025-07-01,40,17,1,11832,Icebox,Vandal,MYP
Sofia,2025-07-01,32,29,2,9369,Ascent,Vandal,MYP
Sofia,2025-07-01,18,24,6,6082,Haven,Sheriff,Primera bala
Sofia,2025-07-01,26,25,4,8454,Fracture,Sheriff,Primera bala
Sofia,2025-07-01,31,32,6,9225,Fracture,Sheriff,Primera bala
Sofia,2025-07-01,40,23,2,12153,Lotus,Vandal,CH Placement
Sofia,2025-07-01,36,35,0,10741,Sunset,Vandal,CH Placement
Sofia,2025-07-01,27,21,4,8460,Lotus,Vandal,CH Placement
Boo,2025-07-01,23,18,4,7225,Sunset,Operator,Operator
Boo,2025-07-01,36,22,6,11215,Corrode,Vandal,BYS
Boo,2025-07-01,40,17,3,12301,Icebox,Vandal,MYP
Boo,2025-07-01,31,21,4,9901,Icebox,Vandal,MYP
Boo,2025-07-01,26,23,4,7824,Bind,Sheriff,Primera bala
Boo,2025-07-01,20,24,6,6355,Haven,Sheriff,Primera bala
Boo,2025-07-01,25,15,1,7407,Sunset,Sheriff,Primera bala
Boo,2025-07-01,34,29,6,10659,Bind,Vandal,CH Placement
Boo,2025-07-01,31,18,2,9199,Lotus,Vandal,CH Placement
Boo,2025-07-01,40,18,1,11869,Fracture,Vandal,CH Placement
Melhu,2025-07-01,20,33,12,7080,Sunset,Operator,Operator
Melhu,2025-07-01,34,21,4,10323,Bind,Vandal,BYS
Melhu,2025-07-01,18,19,3,5567,Corrode,Vandal,MYP
Melhu,2025-07-01,19,34,3,5854,Haven,Vandal,MYP
Melhu,2025-07-01,18,24,6,5815,Lotus,Sheriff,Primera bala
Melhu,2025-07-01,21,21,7,6685,Bind,Sheriff,Primera bala
Melhu,2025-07-01,27,24,3,7759,Bind,Sheriff,Primera bala
Melhu,2025-07-01,19,15,2,5646,Ascent,Vandal,CH Placement
Melhu,2025-07-01,36,22,1,10864,Lotus,Vandal,CH Placement
Melhu,2025-07-01,40,19,1,12034,Ascent,Vandal,CH Placement
Panilis,2025-07-01,40,15,2,11865,Icebox,Operator,Operator
Panilis,2025-07-01,40,19,6,12325,Haven,Vandal,BYS
Panilis,2025-07-01,40,20,7,12597,Ascent,Vandal,MYP
Panilis,2025-07-01,31,25,4,9999,Sunset,Vandal,MYP
Panilis,2025-07-01,30,17,5,8961,Bind,Sheriff,Primera bala
Panilis,2025-07-01,27,20,8,8402,Icebox,Sheriff,Primera bala
Panilis,2025-07-01,22,24,11,7304,Bind,Sheriff,Primera bala
Panilis,2025-07-01,39,20,6,12262,Haven,Vandal,CH Placement
Panilis,2025-07-01,40,12,1,11721,Sunset,Vandal,CH Placement
Panilis,2025-07-01,35,15,7,10927,Haven,Vandal,CH Placement
Panilis,2025-07-02,34,20,0,9961,Bind,Operator,Operator
Panilis,2025-07-02,37,27,5,11746,Icebox,Vandal,BYS
Panilis,2025-07-02,40,27,3,12099,Icebox,Vandal,MYP
Panilis,2025-07-02,38,21,3,11402,Haven,Vandal,MYP
Panilis,2025-07-02,33,22,4,9595,Bind,Sheriff,Primera bala
Panilis,2025-07-02,27,23,5,8395,Sunset,Sheriff,Primera bala
Panilis,2025-07-02,25,23,8,8178,Bind,Sheriff,Primera bala
Panilis,2025-07-02,37,22,2,11132,Sunset,Vandal,CH Placement
Panilis,2025-07-02,40,16,4,12351,Lotus,Vandal,CH Placement
Panilis,2025-07-02,40,20,3,11986,Icebox,Vandal,CH Placement
Sofia,2025-07-02,20,20,0,5610,Icebox,Operator,Operator
Sofia,2025-07-02,39,31,2,11616,Haven,Vandal,BYS
Sofia,2025-07-02,40,17,1,11822,Icebox,Vandal,MYP
Sofia,2025-07-02,40,13,2,11858,Bind,Vandal,MYP
Sofia,2025-07-02,29,27,5,8784,Lotus,Sheriff,Primera bala
Sofia,2025-07-02,17,23,6,5325,Corrode,Sheriff,Primera bala
Sofia,2025-07-02,22,19,5,6773,Haven,Sheriff,Primera bala
Sofia,2025-07-02,29,21,3,8971,Lotus,Vandal,CH Placement
Sofia,2025-07-02,35,16,1,10201,Icebox,Vandal,CH Placement
Sofia,2025-07-02,40,10,1,11935,Bind,Vandal,CH Placement
Melhu,2025-07-02,30,23,2,9120,Corrode,Operator,Operator
Melhu,2025-07-02,11,24,8,3614,Lotus,Vandal,BYS
Melhu,2025-07-02,30,26,3,8979,Haven,Vandal,MYP
Melhu,2025-07-02,6,4,1,1840,Haven,Vandal,MYP
Melhu,2025-07-02,19,23,6,5906,Bind,Sheriff,Primera bala
Melhu,2025-07-02,19,26,8,6263,Icebox,Sheriff,Primera bala
Melhu,2025-07-02,16,23,6,5099,Sunset,Sheriff,Primera bala
Melhu,2025-07-02,35,26,1,10544,Corrode,Vandal,CH Placement
Melhu,2025-07-02,40,21,3,12282,Icebox,Vandal,CH Placement
Melhu,2025-07-02,31,20,2,9308,Corrode,Vandal,CH Placement
Sofia,2025-07-03,35,25,4,10645,Sunset,Operator,Operator
Sofia,2025-07-03,37,22,2,11386,Lotus,Vandal,BYS
Sofia,2025-07-03,40,18,2,11687,Corrode,Vandal,MYP
Sofia,2025-07-03,40,20,3,12025,Ascent,Vandal,MYP
Sofia,2025-07-03,25,28,9,8178,Haven,Sheriff,Primera bala
Sofia,2025-07-03,29,23,10,9184,Haven,Sheriff,Primera bala
Sofia,2025-07-03,26,28,6,7858,Sunset,Sheriff,Primera bala
Sofia,2025-07-03,38,30,3,11576,Lotus,Vandal,CH Placement
Sofia,2025-07-03,31,14,2,9489,Sunset,Vandal,CH Placement
Sofia,2025-07-03,40,17,1,12078,Icebox,Vandal,CH Placement
Panilis,2025-07-03,28,24,3,8138,Bind,Operator,Operator
Panilis,2025-07-03,40,23,2,11867,Ascent,Vandal,BYS
Panilis,2025-07-03,40,13,2,12094,Sunset,Vandal,MYP
Panilis,2025-07-03,40,15,6,12694,Icebox,Vandal,MYP
Panilis,2025-07-03,31,18,4,9429,Lotus,Sheriff,Primera bala
Panilis,2025-07-03,23,23,8,7451,Bind,Sheriff,Primera bala
Panilis,2025-07-03,27,30,12,8602,Corrode,Sheriff,Primera bala
Panilis,2025-07-03,33,23,6,9990,Lotus,Vandal,CH Placement
Panilis,2025-07-03,25,26,7,8412,Haven,Vandal,CH Placement
Panilis,2025-07-03,34,13,1,10169,Bind,Vandal,CH Placement
Melhu,2025-07-03,19,34,9,6125,Icebox,Operator,Operator
Melhu,2025-07-03,33,21,1,9830,Sunset,Vandal,BYS
Melhu,2025-07-03,24,19,0,7111,Ascent,Vandal,MYP
Melhu,2025-07-03,34,26,2,10278,Bind,Vandal,MYP
Melhu,2025-07-03,15,15,2,4288,Lotus,Sheriff,Primera bala
Melhu,2025-07-03,18,17,6,5319,Ascent,Sheriff,Primera bala
Melhu,2025-07-03,32,28,9,9827,Sunset,Sheriff,Primera bala
Melhu,2025-07-03,28,16,2,8503,Haven,Vandal,CH Placement
Melhu,2025-07-03,25,17,2,7738,Corrode,Vandal,CH Placement
Melhu,2025-07-03,37,13,3,11397,Sunset,Vandal,CH Placement
Sofia,2025-07-04,23,10,2,6824,Haven,Operator,Operator
Sofia,2025-07-04,33,31,3,10400,Sunset,Vandal,BYS
Sofia,2025-07-04,39,20,1,11383,Icebox,Vandal,MYP
Sofia,2025-07-04,28,20,3,8737,Bind,Vandal,MYP
Sofia,2025-07-04,37,21,10,11040,Ascent,Sheriff,Primera bala
Sofia,2025-07-04,32,21,10,10151,Bind,Sheriff,Primera bala
Sofia,2025-07-04,25,16,7,7902,Sunset,Sheriff,Primera bala
Sofia,2025-07-04,35,18,2,10603,Lotus,Vandal,CH Placement
Sofia,2025-07-04,40,16,3,12077,Ascent,Vandal,CH Placement
Sofia,2025-07-04,40,9,0,11720,Lotus,Vandal,CH Placement
Panilis,2025-07-04,34,25,1,9639,Lotus,Operator,Operator
Panilis,2025-07-04,40,19,3,11879,Icebox,Vandal,BYS
Panilis,2025-07-04,29,27,4,9305,Bind,Vandal,MYP
Panilis,2025-07-04,34,18,3,10382,Corrode,Vandal,MYP
Panilis,2025-07-04,35,28,6,10634,Icebox,Sheriff,Primera bala
Panilis,2025-07-04,23,18,7,7214,Haven,Sheriff,Primera bala
Panilis,2025-07-04,30,18,5,9005,Haven,Sheriff,Primera bala
Panilis,2025-07-04,35,21,5,10991,Bind,Vandal,CH Placement
Panilis,2025-07-04,27,23,3,8341,Sunset,Vandal,CH Placement
Panilis,2025-07-04,40,19,3,11869,Ascent,Vandal,CH Placement
Kat,2025-07-07,40,19,2,11861,Corrode,Operator,Operator
Kat,2025-07-07,40,18,1,11933,Ascent,Phantom,BYS
Kat,2025-07-07,40,15,0,11905,Sunset,Phantom,MYP
Kat,2025-07-07,23,27,3,6878,Corrode,Phantom,MYP
Kat,2025-07-07,27,34,8,8243,Ascent,Sheriff,Primera bala
Kat,2025-07-07,19,24,8,6226,Bind,Sheriff,Primera bala
Kat,2025-07-07,22,25,5,6863,Icebox,Sheriff,Primera bala
Kat,2025-07-07,38,20,3,11456,Lotus,Phantom,CH Placement
Kat,2025-07-07,40,14,2,12096,Sunset,Phantom,CH Placement
Kat,2025-07-07,34,20,2,10130,Icebox,Phantom,CH Placement
Melhu,2025-07-07,27,18,3,8298,Corrode,Operator,Operator
Melhu,2025-07-07,33,15,3,9982,Ascent,Phantom,BYS
Melhu,2025-07-07,28,14,1,8320,Sunset,Phantom,MYP
Melhu,2025-07-07,25,19,3,7524,Corrode,Phantom,MYP
Melhu,2025-07-07,31,23,5,9627,Ascent,Sheriff,Primera bala
Melhu,2025-07-07,23,22,7,7077,Bind,Sheriff,Primera bala
Melhu,2025-07-07,18,30,10,5384,Icebox,Sheriff,Primera bala
Melhu,2025-07-07,40,21,6,12665,Lotus,Phantom,CH Placement
Melhu,2025-07-07,31,16,2,9501,Sunset,Phantom,CH Placement
Melhu,2025-07-07,32,25,5,10013,Icebox,Phantom,CH Placement
Panilis,2025-07-07,40,24,2,11971,Icebox,Operator,Operator
Panilis,2025-07-07,37,32,4,11418,Bind,Phantom,BYS
Panilis,2025-07-07,30,18,2,9131,Lotus,Phantom,MYP
Panilis,2025-07-07,32,19,3,9529,Ascent,Phantom,MYP
Panilis,2025-07-07,32,25,8,9925,Sunset,Sheriff,Primera bala
Panilis,2025-07-07,39,25,3,11721,Lotus,Sheriff,Primera bala
Panilis,2025-07-07,30,21,6,9046,Sunset,Sheriff,Primera bala
Panilis,2025-07-07,40,11,0,11399,Bind,Phantom,CH Placement
Panilis,2025-07-07,26,19,2,8242,Haven,Phantom,CH Placement
Panilis,2025-07-07,32,25,6,10260,Haven,Phantom,CH Placement
Sofia,2025-07-07,32,15,1,9387,Lotus,Operator,Operator
Sofia,2025-07-07,40,28,4,12003,Haven,Phantom,BYS
Sofia,2025-07-07,40,25,1,11771,Icebox,Phantom,MYP
Sofia,2025-07-07,31,17,2,9176,Icebox,Phantom,MYP
Sofia,2025-07-07,25,23,11,7682,Corrode,Sheriff,Primera bala
Sofia,2025-07-07,21,17,10,6663,Sunset,Sheriff,Primera bala
Sofia,2025-07-07,36,25,11,10832,Bind,Sheriff,Primera bala
Sofia,2025-07-07,29,23,2,8736,Lotus,Phantom,CH Placement
Sofia,2025-07-07,40,15,4,12088,Icebox,Phantom,CH Placement
Sofia,2025-07-07,29,18,0,8476,Corrode,Phantom,CH Placement
Sofia,2025-07-08,32,20,3,9694,Corrode,Operator,Operator
Sofia,2025-07-08,30,20,2,9095,Haven,Phantom,BYS
Sofia,2025-07-08,36,24,2,10954,Sunset,Phantom,MYP
Sofia,2025-07-08,23,21,4,6940,Icebox,Phantom,MYP
Sofia,2025-07-08,39,19,4,12323,Icebox,Sheriff,Primera bala
Sofia,2025-07-08,26,16,2,7498,Bind,Sheriff,Primera bala
Sofia,2025-07-08,25,28,10,7969,Lotus,Sheriff,Primera bala
Sofia,2025-07-08,36,16,3,11086,Lotus,Phantom,CH Placement
Sofia,2025-07-08,32,16,0,9440,Icebox,Phantom,CH Placement
Sofia,2025-07-08,40,14,3,12198,Sunset,Phantom,CH Placement
Kat,2025-07-08,36,20,0,10517,Lotus,Operator,Operator
Kat,2025-07-08,39,20,3,11941,Haven,Phantom,BYS
Kat,2025-07-08,34,16,2,10233,Sunset,Phantom,MYP
Kat,2025-07-08,25,27,8,8160,Bind,Phantom,MYP
Kat,2025-07-08,11,29,8,3705,Lotus,Sheriff,Primera bala
Kat,2025-07-08,18,22,7,5829,Sunset,Sheriff,Primera bala
Kat,2025-07-08,26,23,9,7882,Icebox,Sheriff,Primera bala
Kat,2025-07-08,40,14,3,11547,Lotus,Phantom,CH Placement
Kat,2025-07-08,20,21,4,6302,Ascent,Phantom,CH Placement
Kat,2025-07-08,29,23,3,8446,Corrode,Phantom,CH Placement
Melhu,2025-07-08,20,23,4,6523,Haven,Phantom,MYP
Melhu,2025-07-08,24,18,3,7496,Ascent,Phantom,MYP
Melhu,2025-07-08,15,9,3,4784,Bind,Sheriff,Primera bala
Melhu,2025-07-08,18,27,8,5799,Icebox,Sheriff,Primera bala
Melhu,2025-07-08,17,10,6,5460,Corrode,Sheriff,Primera bala
Melhu,2025-07-08,15,22,3,4573,Sunset,Phantom,CH Placement
Melhu,2025-07-08,22,26,6,7406,Sunset,Phantom,CH Placement
Melhu,2025-07-08,21,22,6,6429,Lotus,Phantom,CH Placement
Sofia,2025-07-08,32,20,1,9209,Sunset,Operator,Operator
Sofia,2025-07-08,40,28,6,12296,Icebox,Phantom,BYS
Sofia,2025-07-08,40,21,9,12920,Sunset,Phantom,MYP
Sofia,2025-07-08,33,17,2,9310,Bind,Phantom,MYP
Sofia,2025-07-08,33,21,7,9872,Haven,Sheriff,Primera bala
Sofia,2025-07-08,25,31,8,7628,Icebox,Sheriff,Primera bala
Sofia,2025-07-08,27,20,6,8438,Haven,Sheriff,Primera bala
Sofia,2025-07-08,40,23,3,12171,Icebox,Phantom,CH Placement
Sofia,2025-07-08,23,17,3,7121,Corrode,Phantom,CH Placement
Sofia,2025-07-08,37,20,5,11065,Bind,Phantom,CH Placement
Panilis,2025-07-08,20,23,2,6139,Corrode,Operator,Operator
Panilis,2025-07-08,34,20,4,10481,Lotus,Phantom,BYS
Panilis,2025-07-08,34,21,7,10988,Corrode,Phantom,MYP
Panilis,2025-07-08,37,18,8,11381,Ascent,Phantom,MYP
Panilis,2025-07-08,37,21,7,11183,Haven,Sheriff,Primera bala
Panilis,2025-07-08,23,21,5,7084,Icebox,Sheriff,Primera bala
Panilis,2025-07-08,13,22,6,4150,Bind,Sheriff,Primera bala
Panilis,2025-07-08,37,20,7,11041,Ascent,Phantom,CH Placement
Panilis,2025-07-08,32,19,6,9831,Icebox,Phantom,CH Placement
Panilis,2025-07-08,29,18,6,9244,Corrode,Phantom,CH Placement
Panilis,2025-07-09,21,24,3,6304,Bind,Operator,Operator
Panilis,2025-07-09,29,23,7,9251,Sunset,Phantom,BYS
Panilis,2025-07-09,40,22,5,12059,Haven,Phantom,MYP
Panilis,2025-07-09,37,14,5,11687,Haven,Phantom,MYP
Panilis,2025-07-09,21,29,8,6384,Icebox,Sheriff,Primera bala
Panilis,2025-07-09,23,32,10,7495,Corrode,Sheriff,Primera bala
Panilis,2025-07-09,25,29,10,8014,Sunset,Sheriff,Primera bala
Panilis,2025-07-09,39,30,9,12623,Bind,Phantom,CH Placement
Panilis,2025-07-09,40,27,10,12755,Sunset,Phantom,CH Placement
Panilis,2025-07-09,40,17,3,12002,Lotus,Phantom,CH Placement
Melhu,2025-07-09,25,18,1,7473,Sunset,Operator,Operator
Melhu,2025-07-09,31,23,5,10011,Sunset,Phantom,BYS
Melhu,2025-07-09,25,13,3,7620,Sunset,Phantom,MYP
Melhu,2025-07-09,21,20,7,6604,Lotus,Phantom,MYP
Melhu,2025-07-09,29,22,10,5103,Corrode,Sheriff,Primera bala
Melhu,2025-07-09,33,13,2,3363,Icebox,Sheriff,Primera bala
Melhu,2025-07-09,27,16,2,6559,Lotus,Sheriff,Primera bala
Melhu,2025-07-09,29,22,10,9498,Bind,Phantom,CH Placement
Melhu,2025-07-09,33,13,2,9833,Corrode,Phantom,CH Placement
Melhu,2025-07-09,27,16,2,8293,Ascent,Phantom,CH Placement
Melhu,2025-07-10,29,10,1,8585,Ascent,Operator,Operator
Melhu,2025-07-10,26,19,6,8209,Sunset,Phantom,BYS
Melhu,2025-07-10,24,18,2,7107,Corrode,Phantom,MYP
Melhu,2025-07-10,33,19,2,10178,Lotus,Phantom,MYP
Melhu,2025-07-10,19,17,3,5834,Haven,Sheriff,Primera bala
Melhu,2025-07-10,20,19,3,6001,Haven,Sheriff,Primera bala
Melhu,2025-07-10,14,21,3,3991,Bind,Sheriff,Primera bala
Melhu,2025-07-10,33,16,6,10392,Sunset,Phantom,CH Placement
Melhu,2025-07-10,27,16,4,8257,Lotus,Phantom,CH Placement
Melhu,2025-07-10,38,10,2,11832,Corrode,Phantom,CH Placement
Boo,2025-07-10,32,25,2,9575,Corrode,Phantom,MYP
Boo,2025-07-10,35,28,6,10854,Haven,Phantom,MYP
Boo,2025-07-10,31,28,10,9610,Icebox,Sheriff,Primera bala
Boo,2025-07-10,28,23,3,8153,Lotus,Sheriff,Primera bala
Boo,2025-07-10,30,25,3,9088,Bind,Sheriff,Primera bala
Boo,2025-07-10,8,7,0,2281,Haven,Phantom,CH Placement
Boo,2025-07-10,23,19,3,7201,Icebox,Phantom,CH Placement
Boo,2025-07-10,26,29,1,7772,Sunset,Phantom,CH Placement
Sofia,2025-07-11,28,13,2,8504,Ascent,Operator,Operator
Sofia,2025-07-11,40,25,4,11347,Ascent,Phantom,BYS
Sofia,2025-07-11,40,19,4,12197,Haven,Phantom,MYP
Sofia,2025-07-11,37,24,2,10694,Lotus,Phantom,MYP
Sofia,2025-07-11,36,28,11,11608,Corrode,Sheriff,Primera bala
Sofia,2025-07-11,18,20,6,5488,Bind,Sheriff,Primera bala
Sofia,2025-07-11,35,27,4,10066,Haven,Sheriff,Primera bala
Sofia,2025-07-11,38,25,8,12153,Icebox,Phantom,CH Placement
Sofia,2025-07-11,36,22,5,11101,Ascent,Phantom,CH Placement
Sofia,2025-07-11,40,21,7,12568,Haven,Phantom,CH Placement
Kat,2025-07-11,29,26,4,9246,Corrode,Operator,Operator
Kat,2025-07-11,28,20,3,8532,Sunset,Phantom,BYS
Kat,2025-07-11,25,22,4,7440,Bind,Phantom,MYP
Kat,2025-07-11,35,19,3,10330,Haven,Phantom,MYP
Kat,2025-07-11,27,23,5,7991,Haven,Sheriff,Primera bala
Kat,2025-07-11,15,29,9,4970,Icebox,Sheriff,Primera bala
Kat,2025-07-11,26,27,11,8215,Lotus,Sheriff,Primera bala
Kat,2025-07-11,29,15,3,8638,Sunset,Phantom,CH Placement
Kat,2025-07-11,27,27,6,8535,Corrode,Phantom,CH Placement
Kat,2025-07-11,40,26,6,12484,Bind,Phantom,CH Placement
Sofia,2025-07-14,30,22,1,8912,Ascent,Operator,Operator
Sofia,2025-07-14,33,20,2,10320,Bind,Vandal,BYS
Sofia,2025-07-14,34,19,3,10269,Bind,Vandal,MYP
Sofia,2025-07-14,31,22,1,9223,Corrode,Vandal,MYP
Sofia,2025-07-14,20,23,8,6281,Icebox,Sheriff,Primera bala
Sofia,2025-07-14,17,33,7,5296,Haven,Sheriff,Primera bala
Sofia,2025-07-14,28,13,2,8240,Corrode,Sheriff,Primera bala
Sofia,2025-07-14,26,23,2,7730,Sunset,Vandal,CH Placement
Sofia,2025-07-14,40,19,3,12126,Sunset,Vandal,CH Placement
Sofia,2025-07-14,37,14,1,10860,Ascent,Vandal,CH Placement
Melhu,2025-07-14,20,20,2,6204,Ascent,Operator,Operator
Melhu,2025-07-14,14,18,2,4385,Bind,Vandal,BYS
Melhu,2025-07-14,27,23,4,8303,Haven,Vandal,MYP
Melhu,2025-07-14,26,17,1,7683,Lotus,Vandal,MYP
Melhu,2025-07-14,15,13,5,4734,Bind,Sheriff,Primera bala
Melhu,2025-07-14,17,20,4,5388,Lotus,Sheriff,Primera bala
Melhu,2025-07-14,17,25,3,5239,Sunset,Sheriff,Primera bala
Melhu,2025-07-14,28,20,8,8755,Ascent,Vandal,CH Placement
Melhu,2025-07-14,32,19,3,9960,Haven,Vandal,CH Placement
Melhu,2025-07-14,25,15,7,7891,Ascent,Vandal,CH Placement
Boo,2025-07-14,6,28,1,1800,Corrode,Operator,Operator
Boo,2025-07-14,25,18,4,7642,Sunset,Vandal,BYS
Boo,2025-07-14,25,28,5,8085,Haven,Vandal,MYP
Boo,2025-07-14,35,31,6,10617,Sunset,Vandal,MYP
Boo,2025-07-14,22,23,9,7152,Ascent,Sheriff,Primera bala
Boo,2025-07-14,30,18,7,8980,Icebox,Sheriff,Primera bala
Boo,2025-07-14,15,24,5,4721,Haven,Sheriff,Primera bala
Boo,2025-07-14,40,16,3,12155,Bind,Vandal,CH Placement
Boo,2025-07-14,40,17,1,12198,Sunset,Vandal,CH Placement
Boo,2025-07-14,23,23,5,7244,Bind,Vandal,CH Placement
Sofia,2025-07-15,26,23,2,7738,Sunset,Operator,Operator
Sofia,2025-07-15,40,23,2,11622,Bind,Vandal,BYS
Sofia,2025-07-15,40,8,3,11956,Icebox,Vandal,MYP
Sofia,2025-07-15,24,25,3,7501,Corrode,Vandal,MYP
Sofia,2025-07-15,29,25,5,8969,Sunset,Vandal,CH Placement
Sofia,2025-07-15,40,23,6,12102,Haven,Sheriff,Primera bala
Sofia,2025-07-15,27,28,7,8312,Sunset,Sheriff,Primera bala
Sofia,2025-07-15,17,25,2,5103,Lotus,Sheriff,Primera bala
Sofia,2025-07-15,24,17,2,7085,Ascent,Vandal,CH Placement
Sofia,2025-07-16,28,29,3,9031,Icebox,Vandal,CH Placement
Kat,2025-07-15,40,25,1,11805,Lotus,Operator,Operator
Kat,2025-07-15,40,21,3,11780,Corrode,Vandal,BYS
Kat,2025-07-15,38,23,4,11491,Sunset,Vandal,MYP
Kat,2025-07-15,25,18,4,7897,Corrode,Vandal,MYP
Kat,2025-07-15,13,23,3,3715,Bind,Sheriff,Primera bala
Kat,2025-07-15,30,34,9,9406,Haven,Sheriff,Primera bala
Kat,2025-07-15,19,30,7,6025,Lotus,Sheriff,Primera bala
Kat,2025-07-15,26,31,3,8246,Corrode,Vandal,CH Placement
Kat,2025-07-15,28,28,1,8389,Corrode,Vandal,CH Placement
Kat,2025-07-15,27,26,5,8147,Bind,Vandal,CH Placement
Melhu,2025-07-15,30,19,6,9239,Ascent,Operator,Operator
Melhu,2025-07-15,21,26,6,6680,Bind,Vandal,BYS
Melhu,2025-07-15,8,7,0,2474,Corrode,Vandal,MYP
Melhu,2025-07-15,21,13,5,6850,Sunset,Vandal,MYP
Melhu,2025-07-15,19,24,3,5608,Haven,Sheriff,Primera bala
Melhu,2025-07-15,21,31,5,6945,Sunset,Sheriff,Primera bala
Melhu,2025-07-15,11,25,10,3881,Lotus,Sheriff,Primera bala
Melhu,2025-07-15,25,17,2,7738,Ascent,Vandal,CH Placement
Melhu,2025-07-15,27,20,2,7863,Icebox,Vandal,CH Placement
Melhu,2025-07-15,24,13,0,7125,Icebox,Vandal,CH Placement
Sofia,2025-07-16,27,21,4,8310,Haven,Operator,Operator
Sofia,2025-07-16,35,21,0,10455,Corrode,Vandal,BYS
Sofia,2025-07-16,40,18,4,12120,Corrode,Vandal,MYP
Sofia,2025-07-16,36,27,3,11111,Icebox,Vandal,MYP
Sofia,2025-07-16,18,22,5,5685,Bind,Sheriff,Primera bala
Sofia,2025-07-16,23,22,7,7110,Haven,Sheriff,Primera bala
Sofia,2025-07-16,26,21,7,7993,Ascent,Sheriff,Primera bala
Sofia,2025-07-16,23,14,2,6913,Icebox,Vandal,CH Placement
Sofia,2025-07-16,30,22,2,9263,Bind,Vandal,CH Placement
Sofia,2025-07-16,21,31,4,6915,Lotus,Vandal,CH Placement
Kat,2025-07-16,23,22,5,7069,Haven,Operator,Operator
Kat,2025-07-16,40,21,2,12112,Corrode,Vandal,BYS
Kat,2025-07-16,29,23,1,8530,Corrode,Vandal,MYP
Kat,2025-07-16,30,24,2,9392,Icebox,Vandal,MYP
Kat,2025-07-16,18,26,8,5757,Bind,Sheriff,Primera bala
Kat,2025-07-16,19,28,7,6115,Haven,Sheriff,Primera bala
Kat,2025-07-16,29,23,7,8746,Ascent,Sheriff,Primera bala
Kat,2025-07-16,24,17,1,7216,Icebox,Vandal,CH Placement
Kat,2025-07-16,26,27,2,7804,Bind,Vandal,CH Placement
Kat,2025-07-16,36,28,2,10884,Lotus,Vandal,CH Placement
Melhu,2025-07-16,18,18,0,4925,Corrode,Operator,Operator
Melhu,2025-07-16,32,23,2,9753,Corrode,Vandal,BYS
Melhu,2025-07-16,32,17,2,9644,Icebox,Vandal,MYP
Melhu,2025-07-16,27,21,4,8275,Bind,Vandal,MYP
Melhu,2025-07-16,18,20,8,5774,Haven,Sheriff,Primera bala
Melhu,2025-07-16,19,24,5,5845,Ascent,Sheriff,Primera bala
Melhu,2025-07-16,12,15,3,3912,Icebox,Sheriff,Primera bala
Melhu,2025-07-16,27,18,1,8082,Bind,Vandal,CH Placement
Melhu,2025-07-16,31,25,1,9023,Lotus,Vandal,CH Placement
Melhu,2025-07-16,23,22,3,7086,Corrode,Vandal,CH Placement
Boo,2025-07-17,40,19,6,12699,Corrode,Operator,Operator
Boo,2025-07-17,39,26,6,11799,Ascent,Vandal,BYS
Boo,2025-07-17,40,10,2,11660,Lotus,Vandal,MYP
Boo,2025-07-17,40,20,2,11926,Ascent,Vandal,MYP
Boo,2025-07-17,34,16,1,10038,Icebox,Sheriff,Primera bala
Boo,2025-07-17,40,14,3,11971,Icebox,Sheriff,Primera bala
Boo,2025-07-17,32,18,0,9307,Sunset,Sheriff,Primera bala
Boo,2025-07-17,40,14,2,12183,Ascent,Vandal,CH Placement
Boo,2025-07-17,40,16,4,11970,Lotus,Vandal,CH Placement
Kat,2025-07-17,19,22,2,5787,Bind,Operator,Operator
Kat,2025-07-17,31,24,4,9466,Bind,Vandal,BYS
Kat,2025-07-17,40,20,7,12271,Lotus,Vandal,MYP
Kat,2025-07-17,40,12,4,12180,Sunset,Vandal,MYP
Kat,2025-07-17,26,17,10,8149,Icebox,Sheriff,Primera bala
Kat,2025-07-17,24,30,15,8099,Corrode,Sheriff,Primera bala
Kat,2025-07-17,26,15,3,7728,Haven,Sheriff,Primera bala
Kat,2025-07-17,17,10,2,5025,Ascent,Vandal,CH Placement
Kat,2025-07-17,21,13,2,6402,Sunset,Vandal,CH Placement
Kat,2025-07-17,32,19,4,9516,Icebox,Vandal,CH Placement
Melhu,2025-07-17,25,19,1,7489,Lotus,Operator,Operator
Melhu,2025-07-17,31,20,5,9425,Haven,Vandal,BYS
Melhu,2025-07-17,40,18,0,11678,Corrode,Vandal,MYP
Melhu,2025-07-17,40,26,3,12278,Bind,Vandal,MYP
Melhu,2025-07-17,14,20,11,5244,Icebox,Sheriff,Primera bala
Melhu,2025-07-17,13,18,4,4042,Haven,Sheriff,Primera bala
Melhu,2025-07-17,27,33,5,8679,Sunset,Sheriff,Primera bala
Melhu,2025-07-17,38,22,4,11584,Bind,Vandal,CH Placement
Melhu,2025-07-17,23,26,6,7704,Lotus,Vandal,CH Placement
Melhu,2025-07-17,38,17,3,11093,Bind,Vandal,CH Placement
Sofia,2025-07-17,31,14,0,8412,Ascent,Operator,Operator
Sofia,2025-07-17,40,19,1,11979,Icebox,Vandal,BYS
Sofia,2025-07-17,30,14,1,8759,Corrode,Vandal,MYP
Sofia,2025-07-17,18,29,1,5326,Corrode,Vandal,MYP
Sofia,2025-07-17,25,20,5,7668,Icebox,Sheriff,Primera bala
Sofia,2025-07-17,20,16,2,5934,Haven,Sheriff,Primera bala
Sofia,2025-07-17,32,24,5,9980,Sunset,Sheriff,Primera bala
Sofia,2025-07-17,35,19,3,10713,Bind,Vandal,CH Placement
Sofia,2025-07-17,37,25,1,11129,Lotus,Vandal,CH Placement
Sofia,2025-07-17,35,19,3,10626,Bind,Vandal,CH Placement
Panilis,2025-07-16,24,28,0,6813,Corrode,Operator,Operator
Panilis,2025-07-16,37,20,5,11133,Lotus,Vandal,BYS
Panilis,2025-07-16,40,26,2,11767,Bind,Vandal,MYP
Panilis,2025-07-16,40,19,4,11393,Bind,Vandal,MYP
Panilis,2025-07-16,31,15,6,9472,Lotus,Sheriff,Primera bala
Panilis,2025-07-16,21,25,6,6225,Ascent,Sheriff,Primera bala
Panilis,2025-07-16,21,22,1,3177,Ascent,Sheriff,Primera bala
Panilis,2025-07-16,25,21,8,8108,Lotus,Vandal,CH Placement
Panilis,2025-07-16,25,22,0,7205,Haven,Vandal,CH Placement
Panilis,2025-07-16,33,15,0,9720,Corrode,Vandal,CH Placement
Sofia,2025-07-18,21,24,3,6209,Ascent,Operator,Operator
Sofia,2025-07-18,32,32,3,9668,Lotus,Vandal,BYS
Sofia,2025-07-18,38,18,0,11069,Icebox,Vandal,MYP
Sofia,2025-07-18,27,21,3,7893,Haven,Vandal,MYP
Sofia,2025-07-18,37,18,5,11191,Sunset,Sheriff,Primera bala
Sofia,2025-07-18,28,28,7,8427,Haven,Sheriff,Primera bala
Sofia,2025-07-18,19,23,5,5834,Icebox,Vandal,CH Placement
Sofia,2025-07-18,40,18,1,11772,Corrode,Vandal,CH Placement
Sofia,2025-07-18,39,18,2,11801,Bind,Vandal,CH Placement
Melhu,2025-07-18,27,13,0,78181,Ascent,Operator,Operator
Melhu,2025-07-18,37,26,4,10899,Lotus,Vandal,BYS
Melhu,2025-07-18,23,23,3,7164,Icebox,Vandal,MYP
Melhu,2025-07-18,23,22,1,7060,Haven,Vandal,MYP
Melhu,2025-07-18,19,25,6,6085,Sunset,Sheriff,Primera bala
Melhu,2025-07-18,16,27,8,5395,Haven,Sheriff,Primera bala
Melhu,2025-07-18,11,21,7,3718,Icebox,Vandal,CH Placement
Melhu,2025-07-18,30,15,3,9273,Corrode,Vandal,CH Placement
Melhu,2025-07-18,31,20,0,9244,Bind,Vandal,CH Placement
Panilis,2025-07-17,24,28,0,9472,Corrode,Operator,Operator
Panilis,2025-07-17,37,20,5,6813,Lotus,Vandal,BYS
Panilis,2025-07-17,40,26,2,11133,Bind,Vandal,MYP
Panilis,2025-07-17,40,19,4,11767,Bind,Vandal,MYP
Panilis,2025-07-17,31,15,6,11393,Lotus,Sheriff,Primera bala
Panilis,2025-07-17,21,25,6,9472,Ascent,Sheriff,Primera bala
Panilis,2025-07-17,21,22,1,6335,Ascent,Sheriff,Primera bala
Panilis,2025-07-17,25,21,8,6177,Lotus,Vandal,CH Placement
Panilis,2025-07-17,25,22,0,8108,Haven,Vandal,CH Placement
Panilis,2025-07-17,33,15,0,7205,Corrode,Vandal,CH Placement
Panilis,2025-07-18,35,22,1,10299,Haven,Operator,Operator
Panilis,2025-07-18,40,32,7,12635,Bind,Vandal,BYS
Panilis,2025-07-18,40,24,7,12452,Ascent,Vandal,MYP
Panilis,2025-07-18,40,14,1,12088,Sunset,Vandal,MYP
Panilis,2025-07-18,20,26,11,6598,Icebox,Sheriff,Primera bala
Panilis,2025-07-18,14,19,8,4728,Haven,Sheriff,Primera bala
Panilis,2025-07-18,25,26,5,7874,Ascent,Sheriff,Primera bala
Panilis,2025-07-18,36,23,3,10637,Bind,Vandal,CH Placement
Panilis,2025-07-18,33,14,5,10336,Lotus,Vandal,CH Placement
Panilis,2025-07-18,40,17,2,11751,Bind,Vandal,CH Placement
Melhu,2025-07-21,32,20,1,9501,Lotus,Operator,Operator
Melhu,2025-07-21,19,20,1,5834,Haven,Phantom,BYS
Melhu,2025-07-21,40,11,0,11569,Lotus,Phantom,MYP
Melhu,2025-07-21,34,25,5,10127,Corrode,Phantom,MYP
Melhu,2025-07-21,24,21,11,7917,Corrode,Sheriff,Primera bala
Melhu,2025-07-21,19,22,10,6528,Haven,Sheriff,Primera bala
Melhu,2025-07-21,24,26,5,7489,Sunset,Sheriff,Primera bala
Melhu,2025-07-21,33,25,1,9248,Bind,Phantom,CH Placement
Melhu,2025-07-21,28,19,2,8672,Sunset,Phantom,CH Placement
Melhu,2025-07-21,29,21,8,9573,Haven,Phantom,CH Placement
Kat,2025-07-21,16,25,2,4884,Ascent,Operator,Operator
Kat,2025-07-21,40,17,2,11960,Icebox,Phantom,BYS
Kat,2025-07-21,38,21,4,11643,Icebox,Phantom,MYP
Kat,2025-07-21,40,18,2,11692,Ascent,Phantom,MYP
Kat,2025-07-21,23,27,6,7253,Corrode,Sheriff,Primera bala
Kat,2025-07-21,15,26,10,5181,Haven,Sheriff,Primera bala
Kat,2025-07-21,28,36,11,9189,Sunset,Sheriff,Primera bala
Kat,2025-07-21,32,29,3,9617,Bind,Phantom,CH Placement
Kat,2025-07-21,40,16,3,11873,Sunset,Phantom,CH Placement
Kat,2025-07-21,33,23,7,10285,Haven,Phantom,CH Placement
Panilis,2025-07-21,31,21,0,9019,Haven,Operator,Operator
Panilis,2025-07-21,40,25,2,11896,Lotus,Phantom,BYS
Panilis,2025-07-21,40,18,7,12484,Icebox,Phantom,MYP
Panilis,2025-07-21,35,22,6,10744,Ascent,Phantom,MYP
Panilis,2025-07-21,25,26,8,8068,Bind,Sheriff,Primera bala
Panilis,2025-07-21,24,21,5,8643,Haven,Sheriff,Primera bala
Panilis,2025-07-21,36,26,8,11374,Haven,Sheriff,Primera bala
Panilis,2025-07-21,29,13,4,8643,Sunset,Phantom,CH Placement
Panilis,2025-07-21,32,18,5,9783,Bind,Phantom,CH Placement
Panilis,2025-07-21,40,18,7,12484,Icebox,Phantom,CH Placement
Melhu,2025-07-22,28,23,7,8517,Haven,Operator,Operator
Melhu,2025-07-22,19,24,11,6313,Icebox,Phantom,BYS
Melhu,2025-07-22,22,24,9,7006,Ascent,Phantom,MYP
Melhu,2025-07-22,29,19,2,8512,Icebox,Phantom,MYP
Melhu,2025-07-22,30,15,1,9533,Corrode,Sheriff,Primera bala
Melhu,2025-07-22,29,25,5,9554,Bind,Sheriff,Primera bala
Melhu,2025-07-22,23,24,1,6936,Corrode,Sheriff,Primera bala
Melhu,2025-07-22,34,17,4,10501,Bind,Phantom,CH Placement
Melhu,2025-07-22,36,20,3,10667,Sunset,Phantom,CH Placement
Melhu,2025-07-22,40,18,4,12194,Lotus,Phantom,CH Placement
Kat,2025-07-22,31,27,9,9725,Lotus,Sheriff,Primera bala
Kat,2025-07-22,34,32,5,10112,Corrode,Sheriff,Primera bala
Kat,2025-07-22,14,19,3,3969,Lotus,Sheriff,Primera bala
Kat,2025-07-22,40,22,6,12192,Bind,Phantom,CH Placement
Kat,2025-07-22,24,28,7,7591,Corrode,Phantom,CH Placement
Kat,2025-07-22,40,21,5,12146,Bind,Phantom,CH Placement
Kat,2025-07-22,29,20,2,10712,Corrode,Operator,Operator
Kat,2025-07-22,40,22,4,8350,Bind,Phantom,BYS
Kat,2025-07-22,40,23,3,12051,Sunset,Phantom,MYP
Kat,2025-07-22,34,26,6,10712,Lotus,Phantom,MYP
Boo,2025-07-23,39,18,2,11693,Ascent,Operator,Operator
Boo,2025-07-23,36,20,2,11368,Bind,Phantom,BYS
Boo,2025-07-23,22,26,3,6793,Haven,Phantom,MYP
Boo,2025-07-23,32,17,2,9841,Sunset,Phantom,MYP
Boo,2025-07-23,24,25,5,7635,Corrode,Sheriff,Primera bala
Boo,2025-07-23,39,22,7,11994,Haven,Sheriff,Primera bala
Boo,2025-07-23,30,31,5,9120,Bind,Sheriff,Primera bala
Boo,2025-07-23,34,22,7,10689,Bind,Phantom,CH Placement
Boo,2025-07-23,40,10,4,12236,Icebox,Phantom,CH Placement
Boo,2025-07-23,40,9,6,12216,Lotus,Phantom,CH Placement
Sofia,2025-07-23,16,24,10,9715,Sunset,Sheriff,Primera bala
Sofia,2025-07-23,28,21,9,8547,Lotus,Sheriff,Primera bala
Sofia,2025-07-23,30,24,13,9773,Bind,Sheriff,Primera bala
Sofia,2025-07-23,40,18,5,12260,Icebox,Phantom,CH Placement
Sofia,2025-07-23,34,29,4,10241,Icebox,Phantom,CH Placement
Sofia,2025-07-23,40,17,1,12109,Lotus,Phantom,CH Placement
Sofia,2025-07-23,33,18,2,9884,Icebox,Operator,Operator
Sofia,2025-07-23,35,30,6,11044,Ascent,Phantom,BYS
Sofia,2025-07-23,23,18,1,6873,Corrode,Phantom,MYP
Sofia,2025-07-23,40,14,2,11972,Sunset,Phantom,MYP
Melhu,2025-07-23,27,17,0,7690,Bind,Operator,Operator
Melhu,2025-07-23,36,25,4,11383,Icebox,Phantom,BYS
Melhu,2025-07-23,32,24,4,9654,Ascent,Phantom,MYP
Melhu,2025-07-23,22,22,2,6927,Corrode,Phantom,MYP
Melhu,2025-07-23,18,19,5,5645,Sunset,Sheriff,Primera bala
Melhu,2025-07-23,23,23,3,6915,Lotus,Sheriff,Primera bala
Melhu,2025-07-23,22,19,5,6800,Bind,Phantom,CH Placement
Melhu,2025-07-23,27,24,2,8253,Icebox,Phantom,CH Placement
Melhu,2025-07-23,31,22,4,9370,Icebox,Phantom,CH Placement
Kat,2025-07-23,24,12,2,7186,Ascent,Operator,Operator
Kat,2025-07-23,38,34,8,12179,Icebox,Phantom,BYS
Kat,2025-07-23,28,32,5,8697,Ascent,Phantom,MYP
Kat,2025-07-23,35,25,5,11161,Bind,Phantom,MYP
Kat,2025-07-23,18,29,8,5620,Lotus,Sheriff,Primera bala
Kat,2025-07-23,27,20,6,8519,Sunset,Sheriff,Primera bala
Kat,2025-07-23,13,27,10,4597,Corrode,Sheriff,Primera bala
Kat,2025-07-23,33,26,7,10599,Haven,Phantom,CH Placement
Kat,2025-07-23,29,22,4,8881,Bind,Phantom,CH Placement
Kat,2025-07-23,40,20,2,12159,Sunset,Phantom,CH Placement
Panilis,2025-07-22,17,28,2,5005,Corrode,Operator,Operator
Panilis,2025-07-22,35,25,7,10873,Lotus,Phantom,BYS
Panilis,2025-07-22,25,24,4,7829,Icebox,Phantom,MYP
Panilis,2025-07-22,23,26,5,7175,Corrode,Phantom,MYP
Panilis,2025-07-22,21,24,8,6675,Ascent,Sheriff,Primera bala
Panilis,2025-07-22,19,22,6,5963,Ascent,Sheriff,Primera bala
Panilis,2025-07-22,19,24,5,5677,Icebox,Sheriff,Primera bala
Panilis,2025-07-22,32,23,8,10683,Corrode,Phantom,CH Placement
Panilis,2025-07-22,28,18,1,8290,Haven,Phantom,CH Placement
Panilis,2025-07-22,27,21,4,8173,Icebox,Phantom,CH Placement
Melhu,2025-07-24,30,20,2,9076,Corrode,Operator,Operator
Melhu,2025-07-24,28,16,6,8471,Bind,Phantom,BYS
Melhu,2025-07-24,34,28,8,10644,Haven,Phantom,MYP
Melhu,2025-07-24,24,29,2,7242,Lotus,Phantom,MYP
Melhu,2025-07-24,14,25,8,4514,Sunset,Sheriff,Primera bala
Melhu,2025-07-24,40,18,7,12086,Corrode,Sheriff,Primera bala
Melhu,2025-07-24,20,25,9,6483,Corrode,Sheriff,Primera bala
Melhu,2025-07-24,22,21,0,6586,Icebox,Phantom,CH Placement
Melhu,2025-07-24,22,22,3,6768,Bind,Phantom,CH Placement
Melhu,2025-07-24,23,20,4,7105,Ascent,Phantom,CH Placement
Kat,2025-07-24,22,28,6,6965,Icebox,Sheriff,Primera bala
Kat,2025-07-24,25,23,7,7659,Bind,Sheriff,Primera bala
Kat,2025-07-24,18,25,3,5582,Corrode,Sheriff,Primera bala
Kat,2025-07-24,40,13,1,11923,Sunset,Phantom,CH Placement
Kat,2025-07-24,40,12,5,11939,Icebox,Phantom,CH Placement
Kat,2025-07-24,17,23,3,4866,Haven,Phantom,CH Placement
Sofia,2025-07-24,35,24,4,10562,Icebox,Operator,Operator
Sofia,2025-07-24,40,21,2,11950,Corrode,Phantom,BYS
Sofia,2025-07-24,40,19,3,12062,Bind,Phantom,MYP
Sofia,2025-07-24,31,24,6,9841,Haven,Phantom,MYP
Sofia,2025-07-24,25,18,6,7890,Lotus,Sheriff,Primera bala
Sofia,2025-07-24,28,25,6,8542,Sunset,Sheriff,Primera bala
Sofia,2025-07-24,35,30,11,11463,Corrode,Sheriff,Primera bala
Sofia,2025-07-24,30,24,7,9658,Corrode,Phantom,CH Placement
Sofia,2025-07-24,23,17,3,7217,Icebox,Phantom,CH Placement
Sofia,2025-07-24,40,15,4,13185,Bind,Phantom,CH Placement
Panilis,2025-07-23,25,20,0,7106,Ascent,Operator,Operator
Panilis,2025-07-23,27,24,7,9047,Lotus,Phantom,BYS
Panilis,2025-07-23,35,30,7,10967,Haven,Phantom,MYP
Panilis,2025-07-23,30,18,2,8858,Ascent,Phantom,MYP
Panilis,2025-07-23,23,21,7,7120,Icebox,Sheriff,Primera bala
Panilis,2025-07-23,32,29,8,10098,Corrode,Sheriff,Primera bala
Panilis,2025-07-23,20,21,13,6484,Sunset,Sheriff,Primera bala
Panilis,2025-07-23,30,20,8,9643,Sunset,Phantom,CH Placement
Panilis,2025-07-23,40,20,4,12203,Lotus,Phantom,CH Placement
Panilis,2025-07-23,25,24,7,8494,Icebox,Phantom,CH Placement
Melhu,2025-07-25,21,23,2,6380,Ascent,Operator,Operator
Melhu,2025-07-25,28,26,3,8525,Icebox,Phantom,BYS
Melhu,2025-07-25,37,21,7,11689,Bind,Phantom,MYP
Melhu,2025-07-25,29,12,6,9006,Sunset,Phantom,MYP
Melhu,2025-07-25,24,29,8,7373,Ascent,Sheriff,Primera bala
Melhu,2025-07-25,34,30,8,10225,Icebox,Sheriff,Primera bala
Melhu,2025-07-25,25,28,8,7785,Haven,Sheriff,Primera bala
Melhu,2025-07-25,31,18,9,9963,Bind,Phantom,CH Placement
Melhu,2025-07-25,27,12,2,8240,Haven,Phantom,CH Placement
Melhu,2025-07-25,40,26,3,12165,Corrode,Phantom,CH Placement
Panilis,2025-07-24,33,23,2,8259,Lotus,Operator,Operator
Panilis,2025-07-24,40,20,2,10545,Bind,Phantom,BYS
Panilis,2025-07-24,40,20,9,9968,Icebox,Phantom,MYP
Panilis,2025-07-24,40,26,4,11921,Bind,Phantom,MYP
Panilis,2025-07-24,26,29,13,12555,Sunset,Sheriff,Primera bala
Panilis,2025-07-24,29,27,12,11977,Corrode,Sheriff,Primera bala
Panilis,2025-07-24,40,21,7,8259,Haven,Sheriff,Primera bala
Panilis,2025-07-24,33,17,5,9125,Icebox,Phantom,CH Placement
Panilis,2025-07-24,28,29,8,12450,Bind,Phantom,CH Placement
Panilis,2025-07-24,33,20,4,10171,Haven,Phantom,CH Placement
Sofia,2025-07-28,18,21,2,5791,Icebox,Operator,Operator
Sofia,2025-07-28,31,27,2,9258,Bind,Vandal,BYS
Sofia,2025-07-28,27,26,2,8240,Bind,Vandal,MYP
Sofia,2025-07-28,31,17,5,9573,Haven,Vandal,MYP
Sofia,2025-07-28,35,22,8,10907,Lotus,Sheriff,Primera bala
Sofia,2025-07-28,25,23,8,7731,Icebox,Sheriff,Primera bala
Sofia,2025-07-28,26,25,4,7453,Lotus,Sheriff,Primera bala
Sofia,2025-07-28,28,18,1,8543,Sunset,Vandal,CH Placement
Sofia,2025-07-28,35,26,2,10360,Ascent,Vandal,CH Placement
Sofia,2025-07-28,40,13,3,11876,Icebox,Vandal,CH Placement
Melhu,2025-07-28,29,18,2,8769,Icebox,Operator,Operator
Melhu,2025-07-28,21,23,2,6441,Haven,Vandal,BYS
Melhu,2025-07-28,31,22,3,9541,Ascent,Vandal,MYP
Melhu,2025-07-28,31,23,2,9531,Ascent,Vandal,MYP
Melhu,2025-07-28,21,22,6,6484,Bind,Sheriff,Primera bala
Melhu,2025-07-28,16,20,7,5000,Haven,Sheriff,Primera bala
Melhu,2025-07-28,16,22,10,5479,Corrode,Sheriff,Primera bala
Melhu,2025-07-28,26,16,1,7498,Haven,Vandal,CH Placement
Melhu,2025-07-28,27,22,2,7967,Corrode,Vandal,CH Placement
Melhu,2025-07-28,25,29,2,7778,Bind,Vandal,CH Placement
Kat,2025-07-28,33,35,1,9886,Haven,Operator,Operator
Kat,2025-07-28,40,22,4,12244,Bind,Vandal,BYS
Kat,2025-07-28,30,25,9,9829,Corrode,Vandal,MYP
Kat,2025-07-28,37,32,1,11357,Icebox,Vandal,MYP
Kat,2025-07-28,25,29,8,7830,Bind,Sheriff,Primera bala
Kat,2025-07-28,32,33,7,9790,Lotus,Sheriff,Primera bala
Kat,2025-07-28,23,19,3,7247,Icebox,Sheriff,Primera bala
Kat,2025-07-28,31,30,0,8862,Haven,Vandal,CH Placement
Kat,2025-07-28,27,18,4,8293,Haven,Vandal,CH Placement
Kat,2025-07-28,27,15,5,8296,Corrode,Vandal,CH Placement
Kat,2025-07-29,32,17,2,9290,Lotus,Operator,Operator
Kat,2025-07-29,40,19,4,12410,Haven,Vandal,BYS
Kat,2025-07-29,31,37,5,9566,Corrode,Vandal,MYP
Kat,2025-07-29,26,29,6,8560,Icebox,Vandal,MYP
Kat,2025-07-29,30,25,5,9111,Haven,Sheriff,Primera bala
Kat,2025-07-29,28,22,5,8611,Icebox,Sheriff,Primera bala
Kat,2025-07-29,31,23,11,9699,Sunset,Sheriff,Primera bala
Kat,2025-07-29,38,28,3,11355,Haven,Vandal,CH Placement
Kat,2025-07-29,40,14,2,12241,Lotus,Vandal,CH Placement
Kat,2025-07-29,36,24,4,11030,Icebox,Vandal,CH Placement
Panilis,2025-07-25,34,16,1,9734,Sunset,Operator,Operator
Panilis,2025-07-25,24,23,6,7667,Bind,Phantom,BYS
Panilis,2025-07-25,38,18,3,11204,Corrode,Phantom,MYP
Panilis,2025-07-25,33,18,2,9797,Icebox,Phantom,MYP
Panilis,2025-07-25,27,28,5,8457,Lotus,Sheriff,Primera bala
Panilis,2025-07-25,40,21,6,11902,Icebox,Sheriff,Primera bala
Panilis,2025-07-25,27,26,9,8000,Icebox,Sheriff,Primera bala
Panilis,2025-07-25,40,27,2,11880,Bind,Phantom,CH Placement
Panilis,2025-07-25,40,27,4,12285,Haven,Phantom,CH Placement
Panilis,2025-07-25,28,21,3,8052,Haven,Phantom,CH Placement
Melhu,2025-07-29,27,17,0,8020,Bind,Operator,Operator
Melhu,2025-07-29,28,27,3,8367,Haven,Vandal,BYS
Melhu,2025-07-29,28,23,0,8382,Lotus,Vandal,MYP
Melhu,2025-07-29,32,24,5,9826,Icebox,Vandal,MYP
Melhu,2025-07-29,20,27,9,6699,Corrode,Sheriff,Primera bala
Melhu,2025-07-29,17,28,4,4755,Haven,Sheriff,Primera bala
Melhu,2025-07-29,18,22,4,5622,Lotus,Sheriff,Primera bala
Melhu,2025-07-29,33,13,3,9949,Ascent,Vandal,CH Placement
Melhu,2025-07-29,38,18,6,11779,Corrode,Vandal,CH Placement
Melhu,2025-07-29,23,20,1,6920,Icebox,Vandal,CH Placement
Kat,2025-07-30,34,9,0,9934,Lotus,Operator,Operator
Kat,2025-07-30,35,20,3,10297,Lotus,Vandal,BYS
Kat,2025-07-30,37,22,2,10863,Ascent,Vandal,MYP
Kat,2025-07-30,33,22,2,9906,Ascent,Vandal,MYP
Kat,2025-07-30,18,31,7,5891,Haven,Sheriff,Primera bala
Kat,2025-07-30,25,24,3,7325,Haven,Sheriff,Primera bala
Kat,2025-07-30,27,29,7,8536,Bind,Sheriff,Primera bala
Kat,2025-07-30,39,26,5,11966,Lotus,Vandal,CH Placement
Kat,2025-07-30,40,19,1,11859,Icebox,Vandal,CH Placement
Kat,2025-07-30,35,28,2,10586,Sunset,Vandal,CH Placement
Panilis,2025-07-28,23,28,5,7468,Icebox,Operator,Operator
Panilis,2025-07-28,19,22,12,6583,Bind,Vandal,BYS
Panilis,2025-07-28,25,21,1,7438,Lotus,Vandal,MYP
Panilis,2025-07-28,31,20,2,8989,Ascent,Vandal,MYP
Panilis,2025-07-28,38,21,6,11614,Bind,Sheriff,Primera bala
Panilis,2025-07-28,24,24,1,7160,Bind,Sheriff,Primera bala
Panilis,2025-07-28,30,21,1,8782,Corrode,Sheriff,Primera bala
Panilis,2025-07-28,24,17,6,7738,Lotus,Vandal,CH Placement
Panilis,2025-07-28,40,20,6,11973,Haven,Vandal,CH Placement
Panilis,2025-07-28,27,30,9,8706,Lotus,Vandal,CH Placement
Melhu,2025-07-31,25,22,2,7405,Sunset,Operator,Operator
Melhu,2025-07-31,24,24,3,7687,Lotus,Vandal,BYS
Melhu,2025-07-31,33,24,3,10509,Lotus,Vandal,MYP
Melhu,2025-07-31,30,19,1,8870,Icebox,Vandal,MYP
Melhu,2025-07-31,31,27,7,9688,Corrode,Sheriff,Primera bala
Melhu,2025-07-31,16,20,11,5518,Bind,Sheriff,Primera bala
Melhu,2025-07-31,26,21,8,8323,Icebox,Sheriff,Primera bala
Melhu,2025-07-31,30,22,0,8336,Haven,Vandal,CH Placement
Melhu,2025-07-31,28,22,3,8411,Ascent,Vandal,CH Placement
Melhu,2025-07-31,23,22,1,7120,Lotus,Vandal,CH Placement
Panilis,2025-07-29,25,26,0,6998,Icebox,Operator,Operator
Panilis,2025-07-29,33,16,2,10065,Corrode,Vandal,BYS
Panilis,2025-07-29,40,25,2,11975,Bind,Vandal,MYP
Panilis,2025-07-29,32,24,2,10237,Sunset,Vandal,MYP
Panilis,2025-07-29,23,21,6,7123,Haven,Sheriff,Primera bala
Panilis,2025-07-29,23,22,9,7295,Corrode,Sheriff,Primera bala
Panilis,2025-07-29,28,22,5,8530,Sunset,Sheriff,Primera bala
Panilis,2025-07-29,37,15,4,11488,Ascent,Vandal,CH Placement
Panilis,2025-07-29,32,23,4,10005,Corrode,Vandal,CH Placement
Panilis,2025-07-29,34,20,3,10339,Lotus,Vandal,CH Placement
Panilis,2025-07-30,31,28,1,9046,Sunset,Operator,Operator
Panilis,2025-07-30,33,22,6,10584,Haven,Vandal,BYS
Panilis,2025-07-30,36,14,1,10714,Bind,Vandal,MYP
Panilis,2025-07-30,40,16,2,12111,Haven,Vandal,MYP
Panilis,2025-07-30,29,29,7,8814,Lotus,Sheriff,Primera bala
Panilis,2025-07-30,21,23,9,6835,Bind,Sheriff,Primera bala
Panilis,2025-07-30,29,26,11,9557,Lotus,Sheriff,Primera bala
Panilis,2025-07-30,31,24,6,9443,Ascent,Vandal,CH Placement
Panilis,2025-07-30,36,18,3,10562,Icebox,Vandal,CH Placement
Panilis,2025-07-30,34,19,5,10345,Sunset,Vandal,CH Placement
Sofia,2025-07-21,40,16,2,11839,Lotus,Operator,Operator
Sofia,2025-07-21,40,18,4,11933,Haven,Phantom,MYP
Sofia,2025-07-21,37,20,2,11311,Lotus,Phantom,MYP
Sofia,2025-07-21,36,31,10,11177,Corrode,Sheriff,Primera bala
Sofia,2025-07-21,30,21,9,9335,Haven,Sheriff,Primera bala
Sofia,2025-07-21,32,24,10,10423,Sunset,Sheriff,Primera bala
Sofia,2025-07-21,40,26,3,12038,Bind,Phantom,BYS
Sofia,2025-07-21,36,25,4,10998,Sunset,Phantom,CH Placement
Sofia,2025-07-21,22,29,3,7094,Haven,Phantom,CH Placement
Sofia,2025-07-21,40,27,8,12736,Corrode,Phantom,CH Placement
Sofia,2025-07-22,17,17,2,5423,Corrode,Operator,Operator
Sofia,2025-07-22,37,15,8,11773,Icebox,Phantom,BYS
Sofia,2025-07-22,40,25,2,11857,Corrode,Phantom,MYP
Sofia,2025-07-22,37,27,3,11081,Bind,Phantom,MYP
Sofia,2025-07-22,40,28,7,11963,Haven,Sheriff,Primera bala
Sofia,2025-07-22,35,17,7,10282,Icebox,Sheriff,Primera bala
Sofia,2025-07-22,27,22,11,8503,Ascent,Sheriff,Primera bala
Sofia,2025-07-22,27,24,6,8331,Icebox,Phantom,CH Placement
Sofia,2025-07-22,33,18,2,9899,Corrode,Phantom,CH Placement
Sofia,2025-07-22,30,24,1,9326,Bind,Phantom,CH Placement
Panilis,2025-07-31,35,20,1,10388,Lotus,Operator,Operator
Panilis,2025-07-31,40,13,3,11984,Corrode,Vandal,BYS
Panilis,2025-07-31,35,19,4,10855,Sunset,Vandal,MYP
Panilis,2025-07-31,40,16,4,11858,Bind,Vandal,MYP
Panilis,2025-07-31,23,19,9,7862,Sunset,Sheriff,Primera bala
Panilis,2025-07-31,28,25,14,9070,Lotus,Sheriff,Primera bala
Panilis,2025-07-31,18,24,7,5639,Corrode,Sheriff,Primera bala
Panilis,2025-07-31,40,19,4,12149,Ascent,Vandal,CH Placement
Panilis,2025-07-31,29,24,4,8686,Haven,Vandal,CH Placement
Panilis,2025-07-31,40,19,10,12789,Ascent,Vandal,CH Placement
Sofia,2025-07-25,21,19,0,6111,Ascent,Operator,Operator
Sofia,2025-07-25,40,24,3,11902,Corrode,Phantom,BYS
Sofia,2025-07-25,35,21,4,10653,Icebox,Phantom,MYP
Sofia,2025-07-25,30,21,0,9052,Icebox,Phantom,MYP
Sofia,2025-07-25,34,24,5,10378,Ascent,Sheriff,Primera bala
Sofia,2025-07-25,37,32,5,10987,Icebox,Sheriff,Primera bala
Sofia,2025-07-25,34,30,6,10727,Bind,Sheriff,Primera bala
Sofia,2025-07-25,40,15,2,11921,Haven,Phantom,CH Placement
Sofia,2025-07-25,33,23,3,10157,Corrode,Phantom,CH Placement
Sofia,2025-07-25,27,22,4,8524,Ascent,Phantom,CH Placement
Melhu,2025-08-01,20,13,0,5920,Ascent,Operator,Operator
Melhu,2025-08-01,18,25,6,6018,Corrode,Vandal,BYS
Melhu,2025-08-01,23,27,3,7113,Bind,Vandal,MYP
Melhu,2025-08-01,32,17,3,9361,Icebox,Vandal,MYP
Melhu,2025-08-01,36,16,10,11149,Haven,Sheriff,Primera bala
Melhu,2025-08-01,20,23,4,5995,Icebox,Sheriff,Primera bala
Melhu,2025-08-01,12,22,8,4201,Icebox,Sheriff,Primera bala
Melhu,2025-08-01,35,17,1,10117,Corrode,Vandal,CH Placement
Melhu,2025-08-01,16,16,1,5017,Haven,Vandal,CH Placement
Melhu,2025-08-01,20,24,2,6360,Sunset,Vandal,CH Placement
Kat,2025-08-01,24,14,1,7266,Ascent,Operator,Operator
Kat,2025-08-01,40,16,0,12035,Corrode,Vandal,BYS
Kat,2025-08-01,35,18,1,10604,Bind,Vandal,MYP
Kat,2025-08-01,40,13,1,11580,Icebox,Vandal,MYP
Kat,2025-08-01,26,27,5,8103,Haven,Sheriff,Primera bala
Kat,2025-08-01,20,29,5,6707,Icebox,Sheriff,Primera bala
Kat,2025-08-01,28,21,1,8448,Icebox,Sheriff,Primera bala
Kat,2025-08-01,40,18,2,11762,Corrode,Vandal,CH Placement
Kat,2025-08-01,25,10,3,7685,Haven,Vandal,CH Placement
Kat,2025-08-01,26,26,0,7713,Sunset,Vandal,CH Placement
Boo,2025-08-01,21,24,3,6523,Bind,Operator,Operator
Boo,2025-08-01,11,16,4,3829,Icebox,Vandal,BYS
Boo,2025-08-01,25,20,4,7452,Corrode,Vandal,MYP
Boo,2025-08-01,24,21,2,7028,Haven,Vandal,MYP
Boo,2025-08-01,18,27,6,5458,Sunset,Sheriff,Primera bala
Boo,2025-08-01,29,32,9,8851,Bind,Sheriff,Primera bala
Boo,2025-08-01,26,31,3,7714,Corrode,Sheriff,Primera bala
Boo,2025-08-01,30,21,4,8981,Haven,Vandal,CH Placement
Boo,2025-08-01,23,14,1,6996,Icebox,Vandal,CH Placement
Boo,2025-08-01,31,24,2,9157,Corrode,Vandal,CH Placement
Panilis,2025-08-01,38,23,3,11728,Corrode,Operator,Operator
Panilis,2025-08-01,29,27,3,9155,Haven,Vandal,BYS
Panilis,2025-08-01,21,20,3,6503,Icebox,Vandal,MYP
Panilis,2025-08-01,40,30,7,12467,Corrode,Vandal,MYP
Panilis,2025-08-01,26,28,14,8994,Ascent,Sheriff,Primera bala
Panilis,2025-08-01,26,28,13,8664,Lotus,Sheriff,Primera bala
Panilis,2025-08-01,18,19,5,5292,Corrode,Sheriff,Primera bala
Panilis,2025-08-01,40,23,3,12260,Haven,Vandal,CH Placement
Panilis,2025-08-01,40,21,3,12013,Haven,Vandal,CH Placement
Panilis,2025-08-01,40,12,1,11875,Ascent,Vandal,CH Placement
